id,nombre,categoria,subcategoria,descripcion_corta,descripcion_larga,imagen,opcion_1,precio_1,imagen_1,opcion_2,precio_2,imagen_2
SINTACC1,SUPER COMBO 1 - SIN TACC,promociones,,,,SIN TACC 1.jpeg,,6585.2,,,,
SINTACC2,SUPER COMBO 2 - SIN TACC,promociones,,,,SIN TACC 2.jpeg,,5352.2,,,,
SINTACC3,SUPER COMBO 3 - SIN TACC,promociones,,,,SIN TACC 3.jpeg,,6558.3,,,,
COMBO1,COMBO 1,promociones,,,,COMBO 1.jpeg,,6985,,,,
COMBO2,COMBO 2,promociones,,,,COMBO 2.jpeg,,8936.38,,,,
COMBO3,COMBO 3,promociones,,,,COMBO 3.jpeg,,6071.85,,,,
COMBO4,COMBO 4,promociones,,,,COMBO 4.jpeg,,7238,,,,
SURTIDOS,FIAMBRES  SURTIDOS,promociones,,,,SURTIDOS.jpeg,,4899.62,,,,
ALITAS,ALITAS DE POLLO,pollo,,,,Alitas.jpeg,,4031.41,,,,
Chorizos,CHORIZOS DE CERDO,cerdo,,,,Chorizos de Cerdo.jpeg,,6134.94,,,,
Costeletas,COSTELETAS DE CERDO,cerdo,,,,Costeletas de cerdo.jpeg,,8550,,,,
Costillas,COSTILLAS DE CERDO,cerdo,,,,Costillas de Cerdo.jpeg,,8500,,,,
PataMuslo,PATA MUSLO,pollo,,,,Pata Muslo.jpeg,,3888,,,,
Pechuga,PECHUGA DE POLLO,pollo,,,,Pechuga de Pollo.jpeg,,8732,,,,
CremosoSM,QUESO CREMOSO SANTA MARÍA,quesos,,,,Queso Cremoso 3.jpeg,,9301.54,,,,
CremosoED,QUESO CREMOSO EL DESTINO,quesos,,,,Queso Cremoso.jpeg,,7641.92,,,,
CremosoPA,QUESO CREMOSO PUNTA DEL AGUA,quesos,,,,Queso Cremoso1.jpeg,,11217.25,,,,
CremosoSL,QUESO CREMOSO SAN LUCAS,quesos,,,,Queso Cremoso2.jpeg,,7683.71,,,,
CremosoEst,QUESO CREMOSO LAS TRES ESTRELLAS,quesos,,,,Cremoso Estrellas.jpeg,,8700.55,,,,
vaciocer,VACÍO DE CERDO,cerdo,,,,vacio cerdo.jpeg,,8700,,,,
matamcer,MATAMBRE DE CERDO,cerdo,,,,matambre cerdo.jpeg,,11998,,,,